SF,mean_execution_time_s,edges
0.1,0.017005348205566408,18135
0.3,0.018955373764038087,57095
1,0.02068943977355957,226293