query_index,filename,result,mean_execution_time_s,std_dev_time_s,num_records,errors
1,q1,[{'count': 45515831}],2.825250244140625,0.537257358114689,1,[]
2,q2,[{'count': 277454}],0.6641355991363526,0.1045306811318917,1,[]
3,q3,[{'count': 140736}],1.1584415912628174,0.26140476127113044,1,[]
4,q4,[{'count': 3461431}],3.3774062633514403,0.06370724038094974,1,[]
5,q5,[{'count': 3703494}],2.6399138450622557,0.06932833303305551,1,[]
6,q6,[{'count': 285509755}],9.828337860107421,0.1445281858080326,1,[]
7,q7,[{'count': 6456925}],3.5245718479156496,0.07735594112268772,1,[]
8,q8,[{'count': 1848731}],4.381419706344604,0.09907920473008258,1,[]
9,q9,[{'count': 268837983}],11.135107374191284,0.1284213127200487,1,[]
