query_index,size,mean_execution_time_s,std_dev_time_s
1,SF0.1,0.017005348205566408,0.029392897946621675
2,SF0.3,0.018955373764038087,0.03135098461378474
3,SF1,0.02068943977355957,0.03423560378592826