query_index,filename,result,mean_execution_time_s,std_dev_time_s,num_records,errors
1,q1,[{'count': 221636419}],11.255621290206909,1.0599637932633628,1,[]
2,q2,[{'count': 1085627}],2.7074207305908202,0.13261977055693266,1,[]
3,q3,[{'count': 753570}],16.950652980804442,0.23730707655510033,1,[]
4,q4,[{'count': 14836038}],11.034835481643677,0.2430237211095308,1,[]
5,q5,[{'count': 13824510}],15.666940450668335,0.2188443758883388,1,[]
6,q6,[{'count': 1668134320}],57.1150842666626,0.30916572669814335,1,[]
7,q7,[{'count': 26190133}],14.40729742050171,0.27784882686888296,1,[]
8,q8,[{'count': 6907213}],20.80863094329834,0.3373286952412589,1,[]
9,q9,[{'count': 1596153418}],78.39215888977051,1.9044257617230587,1,[]
