query_index,filename,result,mean_execution_time_s,std_dev_time_s,num_records,errors
1,q1,[{'count': 8773828}],0.7557087898254394,0.21781609696851706,1,[]
2,q2,[{'count': 82990}],0.2511237144470215,0.04755552473671286,1,[]
3,q3,[{'count': 30456}],0.3443248748779297,0.11976454905640077,1,[]
4,q4,[{'count': 784511}],0.8867090702056885,0.04097613356133615,1,[]
5,q5,[{'count': 1079722}],0.9470088005065918,0.008683332203227246,1,[]
6,q6,[{'count': 55607896}],1.6790130615234375,0.04423237219971705,1,[]
7,q7,[{'count': 1628132}],1.1753011703491212,0.09020537091014613,1,[]
8,q8,[{'count': 537142}],1.3535815238952638,0.05486702137188249,1,[]
9,q9,[{'count': 51009398}],1.7529102325439454,0.029155097768505524,1,[]
