query_index,filename,result,mean_execution_time_s,std_dev_time_s,num_records,errors
1,q1,[{'count': 221636419}],12.53822581768036,2.5415491754547674,1,[]
2,q2,[{'count': 1085627}],3.2374825716018676,0.1256606910583605,1,[]
3,q3,[{'count': 753570}],24.113943338394165,1.2438443196324318,1,[]
4,q4,[{'count': 14836038}],13.248237156867981,0.1314759155290406,1,[]
5,q5,[{'count': 13824510}],16.224437499046324,0.07230032823649128,1,[]
6,q6,[{'count': 1668134320}],59.55289328098297,0.6345423357957078,1,[]
7,q7,[{'count': 26190133}],17.652122569084167,0.1082523369612387,1,[]
8,q8,[{'count': 6907213}],21.677247285842896,0.2004705381825711,1,[]
9,q9,[{'count': 1596153418}],67.12232506275177,3.344397304703014,1,[]
