query_index,filename,result,mean_execution_time_s,std_dev_time_s,num_records,errors
1,q1,[{'count': 45515831}],2.864793586730957,0.3834474260502062,1,[]
2,q2,[{'count': 277454}],0.7841390609741211,0.04661943303242021,1,[]
3,q3,[{'count': 140736}],1.458209753036499,0.1342440881437033,1,[]
4,q4,[{'count': 3461431}],4.622957062721253,0.06148677737441976,1,[]
5,q5,[{'count': 3703494}],3.2136101484298707,0.038092468926460704,1,[]
6,q6,[{'count': 285509755}],10.337823796272279,0.0662940673053007,1,[]
7,q7,[{'count': 6456925}],4.510818123817444,0.06631115686464067,1,[]
8,q8,[{'count': 1848731}],5.2405537366867065,0.09681123559747738,1,[]
9,q9,[{'count': 268837983}],12.099872159957886,0.2642334323464884,1,[]
