query_index,filename,result,mean_execution_time_s,std_dev_time_s,num_records,errors
1,q1,[{'count': 8773828}],0.7357115268707275,0.2671645208983979,1,[]
2,q2,[{'count': 82990}],0.2203071117401123,0.05047803463997525,1,[]
3,q3,[{'count': 30456}],0.32087457180023193,0.11176542288246152,1,[]
4,q4,[{'count': 784511}],1.1735180139541626,0.029493090922207442,1,[]
5,q5,[{'count': 1079722}],0.8919567823410034,0.018717220243169963,1,[]
6,q6,[{'count': 55607896}],2.128603148460388,0.05090068793525865,1,[]
7,q7,[{'count': 1628132}],1.5239817380905152,0.07694516843845138,1,[]
8,q8,[{'count': 537142}],1.494936227798462,0.06082345324386717,1,[]
9,q9,[{'count': 51009398}],2.144150400161743,0.02248190018583007,1,[]
