query_index,size,mean_execution_time_s,std_dev_time_s
1,SF0.1,0.012844419479370118,0.020998986368340924
2,SF0.3,0.003837919235229492,0.001342752510095341
3,SF1,0.01373739242553711,0.022345955118326166