query_index,size,mean_execution_time_s,std_dev_time_s,errors
1,100K-50reg,19.03771319389343,0.4116513387856074,1,[]
2,50K-100reg,148.01942558288573,4.561019477918933,1,[]
3,1M-5reg,8.834214544296264,0.16736547481150957,1,[]
4,1M-10reg,0,0,['canceling statement due to statement timeout']
5,1M-20reg,0,0,['canceling statement due to statement timeout']
6,SF0.1,4.663281011581421,0.19522475624588712,1,[]
7,SF0.3,12.346689176559448,0.43488028331821255,1,[]
8,SF1,107.92757973670959,12.097083425679292,1,[]