query_index,filename,result,mean_execution_time_s,std_dev_time_s,num_records,errors
1,q1,"[(8773828,)]",0.5878426790237427,0.015717366512597294,1,[]
2,q2,"[(82990,)]",0.050402283668518066,0.002205990994380761,1,[]
3,q3,"[(30456,)]",0.08415031433105469,0.004082912534012199,1,[]
4,q4,"[(784511,)]",8.487390398979187,1.1095358582599422,1,[]
5,q5,"[(1079722,)]",0.21234586238861083,0.012375108331286489,1,[]
6,q6,"[(55607896,)]",2.599291276931763,0.022694877051405746,1,[]
7,q7,"[(1628132,)]",0.27551677227020266,0.001775310390402736,1,[]
8,q8,"[(537142,)]",0.2691746473312378,0.006673750864155403,1,[]
9,q9,[],,0,0,['canceling statement due to statement timeout']
