query_index,size,mean_execution_time_s,std_dev_time_s
1,SF0.1,0.004314517974853516,0.0007174722104839088
2,SF0.3,0.11197786331176758,0.006087443742637055
3,SF1,0.07671594619750977,0.017917191008256755