query_index,filename,result,mean_execution_time_s,std_dev_time_s,num_records,errors
1,bidirectional_foaf_1,"[(5,)]",0.234391450881958,0.0633995262884919,1,[]
2,bidirectional_foaf_2,"[(20,)]",0.38266787528991697,0.008008848848593915,1,[]
3,bidirectional_foaf_3,"[(80,)]",0.5571340084075928,0.009716695171234588,1,[]
4,bidirectional_foaf_4,"[(320,)]",0.7434952259063721,0.02282089682446633,1,[]
5,bidirectional_foaf_5,"[(1280,)]",0.9118184566497802,0.013691502885697098,1,[]
6,bidirectional_foaf_6,"[(5109,)]",1.151361083984375,0.01275323422320587,1,[]
7,bidirectional_foaf_7,"[(20301,)]",1.393834114074707,0.008306864349517317,1,[]
8,bidirectional_foaf_8,"[(78724,)]",1.845512866973877,0.015403344160094779,1,[]
9,shortest_path,"[([1, 767595, 732204, 631616, 320085, 45692, 699407, 544, 295160, 4999], 9)]",8.834214544296264,0.16736547481150957,1,[]
