SF,mean_execution_time_s,edges
0.1,4.663281011581421,18135
0.3,12.346689176559448,57095
1,107.92757973670959,226293