query_index,filename,result,mean_execution_time_s,std_dev_time_s,num_records,errors
1,q1,"[(45515831,)]",2.838429594039917,0.019640373755325784,1,[]
2,q2,"[(277454,)]",0.22252745628356935,0.00774914798182985,1,[]
3,q3,"[(140736,)]",0.5851242065429687,0.015508030718966365,1,[]
4,q4,"[(3461431,)]",105.98209700584411,106.9874311433378,1,[]
5,q5,"[(3703494,)]",1.2279239654541017,0.07724820072428666,1,[]
6,q6,"[(285509755,)]",13.760958194732666,0.06258352436170675,1,[]
7,q7,"[(6456925,)]",2.1527020931243896,0.06904446868941581,1,[]
8,q8,"[(1848731,)]",2.0651238918304444,0.17032026699793715,1,[]
9,q9,"[(268837983,)]",23.535028378168743,0.13651464310542674,1,[]