query_index,filename,result,mean_execution_time_s,std_dev_time_s,num_records,errors
1,q1,"[(45515831,)]",11.3962251663208,27.343985016629404,1,[]
2,q2,"[(277454,)]",0.18822987079620362,0.006764888335869673,1,[]
3,q3,"[(140736,)]",0.5840773344039917,0.0035601768590323365,1,[]
4,q4,"[(3461431,)]",153.97806644439697,135.68647771880504,1,['canceling statement due to statement timeout']
5,q5,"[(3703494,)]",1.1395426988601685,0.044947053168367196,1,[]
6,q6,"[(285509755,)]",13.580040574073792,0.17731863685219518,1,[]
7,q7,"[(6456925,)]",2.4521779298782347,0.06772812978067552,1,[]
8,q8,"[(1848731,)]",2.0432515144348145,0.10378008504845589,1,[]
9,q9,[],,0,0,['canceling statement due to statement timeout']
