query_index,filename,result,mean_execution_time_s,std_dev_time_s,num_records,errors
1,bidirectional_foaf_1,"[(2,)]",0.0019653797149658202,0.00028032320319704515,1,[]
2,bidirectional_foaf_2,"[(454,)]",0.0036520957946777344,0.0001970720296329612,1,[]
3,bidirectional_foaf_3,"[(1421,)]",0.013668107986450195,0.0003164976958586483,1,[]
4,bidirectional_foaf_4,"[(1537,)]",1.3060250282287598,0.18787931852777104,1,[]
5,bidirectional_foaf_5,"[(1537,)]",63.90127553939819,2.1216432852223317,1,[]
6,shortest_path-lsqb,"[([14, 910, 66], 2)]",4.663281011581421,0.19522475624588712,1,[]
