query_index,filename,result,mean_execution_time_s,std_dev_time_s,num_records,errors
1,q1,"[(8773828,)]",0.5922401905059814,0.027595097536552208,1,[]
2,q2,"[(82990,)]",0.05626845359802246,0.001624571496753179,1,[]
3,q3,"[(30456,)]",0.08964738845825196,0.0015905972131646485,1,[]
4,q4,"[(784511,)]",8.506432819366456,0.9982978936889079,1,[]
5,q5,"[(1079722,)]",0.20781340599060058,0.003718549143641117,1,[]
6,q6,"[(55607896,)]",2.634870147705078,0.01367606417328287,1,[]
7,q7,"[(1628132,)]",0.27973146438598634,0.003081215111437392,1,[]
8,q8,"[(537142,)]",0.2819997310638428,0.007324878805998182,1,[]
9,q9,"[(51009398,)]",4.49580078125,0.023679391940335148,1,[]