query_index,filename,result,mean_execution_time_s,std_dev_time_s,num_records,errors
1,bidirectional_foaf_1,"[(4,)]",0.15732917785644532,0.050552655917068826,1,[]
2,bidirectional_foaf_2,"[(1944,)]",0.2520888328552246,0.0024528536001201602,1,[]
3,bidirectional_foaf_3,"[(9782,)]",0.5667885780334473,0.019761977926335272,1,[]
4,bidirectional_foaf_4,"[(10277,)]",30.744802379608153,0.9159277694423608,1,[]
5,shortest_path-lsqb,"[([14, 2435, 66], 2)]",107.92757973670959,12.097083425679292,1,[]
