query_index,filename,result,mean_execution_time_s,std_dev_time_s,num_records,errors
1,bidirectional_foaf_1,"[(5,)]",0.011193180084228515,0.002070974474867747,1,[]
2,bidirectional_foaf_2,"[(20,)]",0.02689523696899414,0.0004203100937163669,1,[]
3,bidirectional_foaf_3,"[(80,)]",0.04343461990356445,0.0001356516862236891,1,[]
4,bidirectional_foaf_4,"[(320,)]",0.06186723709106445,0.0007590107796280257,1,[]
5,bidirectional_foaf_5,"[(1274,)]",0.08330202102661133,0.0020434194153413406,1,[]
6,bidirectional_foaf_6,"[(4994,)]",0.10780763626098633,0.0003707663797159561,1,[]
7,bidirectional_foaf_7,"[(18579,)]",0.14517221450805665,0.0016956604202014558,1,[]
8,bidirectional_foaf_8,"[(56138,)]",0.350413179397583,0.010961948840653648,1,[]
9,shortest_path,"[([1, 7660, 91645, 61177, 19284, 74747, 77972, 26081, 4999], 8)]",5.158371162414551,0.25029843088136405,1,[]
