query_index,filename,result,mean_execution_time_s,std_dev_time_s,num_records,errors
1,q1,"[(221636419,)]",12.041588926315308,0.220363117385012,1,[]
2,q2,"[(1085627,)]",1.2126181364059447,0.05641884770105737,1,[]
3,q3,"[(753570,)]",2.943569540977478,0.05519123144827846,1,[]
4,q4,[],,0,0,['canceling statement due to statement timeout']
5,q5,"[(13824510,)]",106.75065734386445,319.88676110384057,1,[]
6,q6,"[(1668134320,)]",177.39973564147948,301.78895538363946,1,[]
7,q7,"[(26190133,)]",8.071297478675842,0.3843561188282864,1,[]
8,q8,"[(6907213,)]",6.3667529106140135,0.2701467647775475,1,[]
9,q9,"[(1596153418,)]",107.368807554245,4.766638630488919,1,['canceling statement due to statement timeout']
