query_index,filename,result,mean_execution_time_s,std_dev_time_s,num_records,errors
1,q1,"[(221636419,)]",57.068418216705325,100.34609380579307,1,[]
2,q2,"[(1085627,)]",1.384708547592163,0.08917305797213229,1,[]
3,q3,"[(753570,)]",3.292754125595093,0.042463488898967214,1,[]
4,q4,[],,0,0,['canceling statement due to statement timeout']
5,q5,"[(13824510,)]",4.513297414779663,0.2754172663997396,1,[]
6,q6,"[(1668134320,)]",43.17405571937561,0.11387503400020356,1,[]
7,q7,"[(26190133,)]",8.631061315536499,0.31530797736426636,1,[]
8,q8,"[(6907213,)]",6.734766054153442,0.25635698224962605,1,[]
9,q9,"[(1596153418,)]",114.16326959927876,5.89319478592845,1,['canceling statement due to statement timeout']
